item name,Unit,Qty,U.Price
kattle,PCS,2,$6.50 
strong,PCS,6,$5.00 
tarmush marado,PCS,61,$4.00 
tamush kedi,PCS,22,$5.50 
battery awmarodi sony,box,45,$20.00 
solar 3 LAMP,pcs,3,$11.00 
microphone gacan,PCS,18,$10.00 
microphone gacan yar,pcs ,2,$6.50 
marwaxad carfiso,PCS,3,$7.00 
makino limo,pcs,3,$10.00 
fero nikura ,PCS,20,$3.50 
qalin quran bir ,pcs,8,$22.50 
carfiso jajar y,PCS,3,$4.00 
jajar iphone 45w,PCS,18,$2.00 
nal solar ,PCS,55,$3.00 
earphone basto,PCS,21,$1.20 
leen leen koronto ,PCS,6,$9.00 
samecad computer ,PCS,1,$4.00 
lamp marwaxada,PCS,1,$6.00 
headphone MUSIC,PCS,18,$5.00 
tplink internet,PCS,6,$22.00 
fero biyo ,PCS,5,$10.00 
marwaxad solar ,PCS,11,$12.00 
BATEERY UPS,PCS,2,$4.00 
MAKINO HILIB,PCS,2,$22.00 
MAKINI CABITAN TUFAX,PCS,4,$13.00 
BIRTAWO ,PCS,1,$17.00 
WATER PUMP,PCS,96,$3.00 
POWER  BANK 30000,PCS,11,$15.00 
SOLAR ENERGY LAMP ,PCS,2,$5.50 
MAKINO CABITAN SONATIG,PCS,1,$24.00 
LEEN LEEN MOBEL,PCS,11,$23.00 
POWER BANK 10000,PCS,4,$7.00 
SAMEECAD S29,PCS,2,$11.00 
TOOSH CHARGER W,PCS,4,$4.00 
TOOSH CHARGER Y,PCS,7,$1.30 
TOOSH CHARGER DH,PCS,3,$2.50 
TARMUUSH SUNNY,PCS,5,$4.00 
BATERY SONY ,BOX,40,$4.50 
earphone COMPUTER,PCS,7,$3.50 
GACAN PLAYSTATION,PCS,13,$4.50 
DOBI PRESS USB,PCS,23,$3.25 
SAMECAD YAR,PCS,7,$3.50 
MARWAAXAD KAAWO YAR,PCS,8,$12.00 
MAKINO BARBAR,PCS,53,$2.50 
MAKINO CABITAN NIKURA,PCS,6,$13.00 
TARMUSH DHALO  RAF,PCS,18,$5.00 
BIKEERO COFFEE,PCS,9,$5.00 
MAKINO MALWAX RAF,PCS,4,$17.00 
CHARGER TIKOOTAR,PCS,13,$1.80 
BATERRY 9V,BOX,18,$8.00 
BIYO BARBAR ,PCS,53,$0.50 
ABUUJA MASJID MADAX,PCS,8,$17.00 
EARPHONE COMPUTER DINING,PCS,1,$7.00 
CHARGER BABUR ,PCS,25,$1.50 
CHARGER MOBEL,PCS,35,$2.00 
GACAN PLAYSTATION USB,PCS,3,$5.50 
SACAD GABALEEL,PCS,6,$8.00 
MICROPHONE GACAN WIRELESS,PCS,9,$20.00 
CABLE TESTER,PCS,3,$7.00 
ABUUJA LADY,PCS,1,$11.00 
USB CABLE ,PCS,76,$0.50 
SACAD LAMMAANE,PCS,10,$14.00 
CHARGER MOBEL 1.4,PCS,5,$1.40 
CHARGER MOBEL RUMAN,PCS,8,$2.50 
SCREEN IPHONE QAALI,PCS,135,$2.50 
MARSHEL BRESS,PCS,4,$1.80 
TARMUUSH RAF,PCS,7,$6.00 
MAKINO CAITAN NIKURO HILIB,PCS,1,$30.00 
DOBI PRESS USB JOG,PCS,3,$7.00 
MAKINO RUMAN,PCS,1,$25.00 
EARPHONE COMPUTER HP,PCS,4,$10.00 
MAKINO CABITAN CHARGER,PCS,6,$3.00 
SAMEECAD SPEAKER,PCS,1,$5.00 
FERO HAEGER,PCS,1,$6.00 
MAKIINO MADAX,PCS,5,$7.00 
RADIO ,PCS,3,$5.00 
MICROPHONE SX31,PCS,1,$35.00 
MICROPHONE GACAN,PCS,3,$10.00 
AIRPODS X60,PCS,4,$8.00 
LAPTOP HEROBOOK,PCS,1,$140.00 
TP LINK WIRELESS YAR,PCS,4,$7.00 
MICROPHONE MAX ,PCS,2,$55.00 
AIRPODS DAMIX,PCS,2,$4.00 
MARWAAXAD TAR CHARGER,PCS,8,$6.00 
CHARGER MOBEL 45W,PCS,6,$3.50 
BATTERY SONNY CHARGER,PCS,3,$4.00 
MB3 ,PCS,2,$2.00 
TRIPOD MOBEL,PCS,3,$3.00 
TOOSH ,PCS,1,$2.00 
HUB USB,PCS,10,$2.00 
MADAX CHARGER 35W TYPEC,PCS,11,$2.50 
MAKINO WEAR,PCS,1,$2.50 
USB 2M,PCS,4,$2.00 
USB IPHONE,PCS,18,$0.50 
TOOSH BETTERY,PCS,21,$1.50 
MAKINO CABITAN RAF ,PCS,1,$15.00 
CARFISO CHARGER WEYN,PCS,7,$6.00 
FERO RUMAN ,PCS,1,$7.25 
GACAN PLAYSTATION2 ,PCS,3,$3.50 
SPEAKER KIMISO,PCS,1,$8.00 
FAARO,PCS,1,$90.00 
LAPTOP STAND MARWAXAD,PCS,2,$17.00 
EARPHONE IPHONE ,PCS,4,$1.50 
POWER BANK 20000,PCS,1,$12.00 
POWER EFFECTER 3000 W,PCS,1,$105.00 
MARWAXAD FIRINJEER,PCS,38,$4.50 
35W LAMP,PCS,1,$2.50 
BIR RECEIVER,PCS,19,$3.50 
BIR DHEER DHALO 23-65,PCS,9,$5.00 
NAL DHILMANYO,PCS,1,$0.50 
ABUUJA XARAG,PCS,1,$18.00 
CAMERA SONY VIDEO,PCS,1,$230.00 
QOLOF HARDISK,PCS,2,$0.00 
LAPTOP STAND ,PCS,4,$6.00 
SILVER CREST MAKIINO,PCS,10,$20.00 
POWER EFFECTER 1000W,PCS,1,$15.00 
LAMBO SHIB 12+4W,PCS,17,$4.00 
BIR DHALO WIISH,PCS,19,$5.50 
BIR DHALO YAR ,PCS,8,$3.00 
TPLINK SWITCH,PCS,1,$9.00 
ABUUJA MADAC MICROPPHONE ORIGNAL,PCS,1,$22.00 
POWER BANK 5000 W,PCS,1,$3.00 
MACHINE ULTRASONIC,PCS,2,$0.00 
LAMP MUSIC,PCS,1,$3.00 
BATTER 9V,PCS,12,$0.80 
MARWAXAD MUKEF ,PCS,3,$9.00 
CUTTER ,PCS,10,$1.50 
ABUUJA APLIFIER 1000W,PCS,2,$140.00 
MAKINE DOOLSHO ,PCS,1,$20.00 
MAKIINO QARO,PCS,1,$12.50 
VOLT AMPER,PCS,5,$12.00 
MAKINO CABITAN TUFAX,PCS,1,$35.00 
MARWAXAD SOLAR WEYN,PCS,1,$22.00 
MAKINO HAND BLENDER,PCS,3,$13.00 
MAKIINO BUSKUD ,PCS,2,$8.00 
MARAWAXAD JOOG,PCS,3,$32.00 
MARWAAXAD GAME ,PCS,13,$4.00 
AIRPODS ,PCS,44,$5.50 
INDHO MOBEL,PCS,69,$1.20 
POWER BANK YAR ,PCS,3,$3.00 
SUUL GAME,PCS,37,$0.25 
SUUN SACAD,PCS,1,$3.00 
MICROFONE K9 ,PCS,2,$9.00 
GAL TIKTOK,PCS,54,$2.50 
OOKIYAL ,PCS,2,$11.00 
SOLAR YAR CHARGER ,PCS,3,$3.00 
EARPHONE RECO X11,PCS,10,$4.00 
EARPHONE CESO ,PCS,8,$2.50 
AIPODS RECO ,PCS,8,$7.50 
CHARGER MADOW ,PCS,2,$1.00 
MICROPHONE WIRELESS BOYA,PCS,1,$50.00 
COFEE QAS,PCS,4,$3.50 
BARBAR BUUFIS,PCS,6,$0.50 
TOOSH SAMECAD,PCS,1,$6.00 
STAPLESS 2315,PCS,1,$1.00 
GAL IDCARD,PCS,25,$1.80 
GAL S23 ,PCS,13,$2.00 
GAL IPHONE COLLECTION,PCS,63,$1.80 
GAL CAADI,PCS,223,$0.50 
TOOSH BATTERY,PCS,10,$3.00 
DHALO SCREEN ,BOX,5,$2.00 
SACAD GP14,PCS,1,$23.00 
SACAD SQ2,PCS,2,$20.00 
SACAD X8,PCS,1,$24.00 
SACAD U99,PCS,1,$23.00 
SACAD ALXARAMEN,PCS,2,$56.00 
SACAD ALXARAMEN,PCS,1,$35.00 
SACAD ALFAJR,PCS,5,$45.00 
CHARGER LAPTOP ,PCS,1,$5.00 
HDMI 5M,PCS,10,$6.00 
DHALO IPHONE DHABAR,PCS,71,$1.50 
BOYA ,PCS,2,$11.00 
USB ,PCS,4,$0.50 
MAC BOOK PORT,PCS,7,$6.00 
VGA TO HDMI,PCS,6,$6.00 
MB3 SONNY,PCS,6,$58.00 
CONNECTOR LAPTOP ,PCS,2,$1.20 
IPAD COVER,PCS,7,$2.00 
BOORSO AIRPODS,PCS,42,$1.00 
FLASH 64GB,PCS,4,$4.50 
NAL 3W USB ,PCS,5,$0.50 
QAD CARABO QALIN,PCS,1,$1.00 
KASHIBITO,PCS,1,$0.30 
VGA CABLE,PCS,3,$2.50 
CARD READER,PCS,101,$0.30 
USB EPSON 1.5M,PCS,24,$2.00 
HDMI 10M,PCS,21,$8.00 
HDMI 20M,PCS,7,$16.00 
CABLE HARDDISK,PCS,4,$1.50 
HDMI 3M,PCS,10,$3.00 
WEYNEYSO,PCS,1,$2.00 
JIKO,PCS,1,$9.00 
REMOTE PROJECTOR,PCS,3,$9.00 
IPAD SCREEN,PCS,11,$3.00 
JIMICSI BIR,PCS,1,$3.00 
USB 3M,PCS,24,$2.00 
HUB 4 GOD,PCS,4,$2.00 
BABIS KANEECO,PCS,12,$3.00 
RELAY,PCS,28,$3.00 
USB TYPE 8 PORT,PCS,1,$10.00 
COLLECTION CABLE TV ,PCS,2,$0.50 
MEMORY 8GB,PCS,15,$2.50 
LATPTOP CORE I5,PCS,1,$206.00 
LATPTOP CORE I7,PCS,1,$320.00 
CAMERA ,PCS,1,$150.00 
LATPTOP CORE I5,PCS,2,$260.00 
BORSPO LAPTOP MAQAR,PCS,1,$35.00 
MACHINE QUDAR,PCS,10,$3.50 
MACHINE UKUN,PCS,3,$7.00 
ELECTRIC HOT PLATE,PCS,1,$15.00 
MAKINO SONITIG LK166,PCS,2,$16.50 
GARAF CABITAN,PCS,1,$7.50 
MACHINE MURUQ MASSAGE,PCS,7,$11.00 
MACHINE QUDAR,PCS,2,$5.00 
BURASHA KULEL SPORTS KETTLE,PCS,1,$0.00 
MAKINO QALEEL,PCS,1,$7.00 
COOL GRIPPLER,PCS,2,$3.00 
SHANLO KORONTO ,PCS,1,$3.00 
LAMP AKHRIS,PCS,1,$5.00 
CAT-6 ,BOX,1,$55.00 
NOTEBOOK YAR ,PCS,26,$0.50 
LAMINATING PAPER A3,PCS,4,$15.00 
PAPER CUTTER GACAN ,PCS,1,$20.00 
FILE JAMACAD,BOX,4,$0.22 
A1 COVER,BOX,6,$23.00 
ENVLOPE A3,BOX,2,$6.00 
ISKOOJ SHROOTO,DOZEN,5,$6.00 
NOTEBOOK FIILO JAMACD,PCS,12,$1.50 
SHAROOTO BOOK,DOZEN,6,$16.80 
FREEZER HOLDER,PCS,5,$11.00 
EVLOPE A4,DEZON,4,$2.00 
HOOFER,PCS,13,$9.00 
PENCIL,DOZEN,9,$6.00 
STAPLER REMOVER,PCS,38,$0.40 
COMPASS,PCS,156,$0.80 
SABUURAD CARUUR,PCS,13,$3.50 
COLORED A4,REM,12,$0.00 
NOTEBOOK A5,PCS,180,$1.50 
NOTEBOOK A5 CALCULATOR,PCS,5,$3.50 
COLOR CMYK,SET,22,$6.50 
INK EPSON Y,PCS,97,$1.50 
TIRTIRO SABURAD CADAN,PCS,289,$0.50 
MARKERPEN,PCS,145,$1.00 
CLIP FILE ,PCS,79,$0.90 
JEESTO ,BOX,2,$30.00 
KOOLO KARTOON CADI,PCS,143,$1.40 
KOOLO KARTOON CADI WEYN,PCS,67,$2.00 
SHAHADO SHARAF HOLDER,PCS,44,$2.50 
PHOTO PAPER CADI,PCS,122,$2.50 
PHOTO PAPER DAHABI,REM,18,$4.00 
JEESTO ,BOX,52,$1.50 
PHOTO PAPER ORIGINAL,PCS,4,$5.00 
CORRECTION PEN,PCS,66,$0.30 
STAMPAD,PCS,229,$0.80 
PEN STAND,PCS,3,$2.50 
QALIN G4,PCS,1275,$0.09 
STAMPAD,PCS,9,$0.80 
TRIO DC PEN,BOX,9,$4.50 
SEMI GEL INK PEN ,BOX,15,$4.50 
STAMPAD INK,DOZEN,23,$5.00 
XL PEN ,BOX,83,$4.50 
GLUE STICK,BOX,27,$6.00 
PEN WENHANG,PCS,32,$3.00 
STAPLESS 26/6,BOX,49,$5.00 
HIGHLIGHTER 10,PCS,23,$0.30 
WHITEBOARD MARKER,PCS,90,$0.50 
PAPER CLIP,PCS,10,$0.50 
BUNCHER Y,PCS,62,$2.50 
HIGHLIGHTER 4 ,BOX,26,$4.00 
BUNCHER W,PCS,18,$5.00 
NOTEBOOK A6,PCS,18,$1.00 
STICKNOTE,PCS,319,$0.50 
ANTIVIRUS KEYPERSKY,PCS,4,$13.00 
NOTEBOOK B5,PCS,9,$2.00 
STAPLER  ,PCS,46,$2.50 
STAPLER  BIG,PCS,8,$24.00 
BINDER CLIP,PCS,37,$3.00 
MAKINO CAG,BOX,21,$1.50 
MINI KEYBOARD,PCS,7,$7.00 
STAPLER REMOVER,PCS,23,$0.50 
MARKER LINE ,PCS,30,$1.50 
INK EPSON 6COL,SET,2,$13.00 
SCIENTIFIC,PCS,1,$7.00 
QALIN CADI OBAMA BOSS,BOX,3,$3.00 
NOTEBOOK,CONT,11,$53.00 
CASHBOOK 378,PCS,10,$3.50 
KALOORATIO QUALITY,BOX,21,$1.00 
KEYBOARD ,PCS,32,$3.50 
KEYBOARD WIRELESS W,PCS,8,$7.00 
QALIN SAXIIX,BOX,7,$5.00 
QALIN GALAXY,BOX,2,$11.00 
MAKINO ,BOX,1,$1.50 
PEN K35,BOX,1,$4.00 
PEN G.ENJYO,BOX,1,$3.00 
PEN YOU ME,BOX,1,$4.00 
LINK MAXAA PEN,PCS,21,$1.00 
PEN NOBLE,BOX,1,$4.00 
KHAD BLACK 500ML,PCS,2,$7.00 
CALCULATOR CASIO DH,PCS,4,$13.00 
NOTEBOOK PASSWORD,PCS,6,$3.00 
CALCULATOR CASIO Y,PCS,4,$8.00 
INKPAD QUALITY RED,PCS,20,$2.00 
INKPAD QUALITY BLUE,PCS,4,$2.00 
STAPLESS 26/6,PCS,4,$0.25 
NOTEBOOK JEEB,PCS,20,$1.00 
CLEAR GLUE,BOX,5,$9.60 
battery awmarodi ,BOX,4,$1.50 
A-Z FILE,PCS,30,$1.50 
QALIN K209,BOX,7,$4.00 
GLUE STICK Y,BOX,16,$6.00 
LINK MAXAA PEN,PCS,7,$1.00 
QALIN QUALITY,BOX,21,$5.00 
DUST BIN,PCS,41,$3.50 
REGISTER BOOK 200P,PCS,71,$2.50 
CASHBOOK 100P,PCS,3,$7.00 
KHAD CANNON ,PCS,3,$8.00 
KHAD CANNON  CAAG 500GRMS,PCS,2,$9.00 
KHAD CANNON  CAAG 1000GRMS,PCS,1,$11.00 
BENDER CLIP Y,PCS,5,$0.20 
NOTEBOOK Y GACAN,PCS,8,$1.00 
STAPLESS 23/10,PCS,6,$1.00 
FOORNO 40,PCS,2,$65.00 
QASAALAD SONITIC,PCS,1,$166.00 
FOORNO CHIPS,PCS,3,$21.00 
MAKIINO CHIPS KORONTO,PCS,2,$24.00 
MARWAXAD FADHI,PCS,13,$11.50 
BATTERY REMOTE,BOX,6,$1.50 
MAKIINO 2081,PCS,2,$15.00 
MAKIINO 1628,PCS,4,$13.00 
MAKIINO 2068,PCS,6,$19.00 
MAKINO 7016,PCS,5,$12.50 
SAMEECAD 3401,PCS,5,$7.00 
TARMUUSH 2539,PCS,15,$4.40 
QASALAD TBP,PCS,1,$166.00 
FIILO VGA,PCS,10,$1.00 
MAKIINO HOF-,PCS,1,$192.00 
BIYO MURAAYAD,PCS,12,$1.00 
TUBO QASAALAD ,PCS,10,$1.20 
GOOMO ,PCS,10,$0.60 
MAKIINO CHIPS ,PCS,1,$90.00 
SAMEECAD JOOG,PCS,2,$63.00 
SAMEECAD GLOBAL,PCS,1,$57.00 
SAMEECAD 8210,PCS,1,$26.00 
DESKTOP ALL IN ONE CORE i5,PCS,3,$300.00 
MARWAAXAD DARBI,PCS,6,$33.00 
MARWAAXAD FADHI ,PCS,2,$12.00 
MARWAAXAD EFERNAL,PCS,2,$35.00 
marwaxad ruman,PCS,2,$31.00 
MARWAAXAD BLACK,PCS,4,$24.00 
MARWAAXAD RUMAN JOOG,PCS,6,$32.00 
FOORNO 40,PCS,3,$63.00 
UPS ABC,PCS,2,$35.00 
FOONEEYO QALAJII,PCS,1,$25.00 
MICRO WAVE ,PCS,3,$55.00 
FOORNO 36,PCS,6,$58.00 
LCD 32,PCS,1,$290.00 
DESKTOP CORE I7,PCS,2,$250.00 
BURAASHO DUMAR,PCS,29,$3.50 
SOLAR MARWAXAD,PCS,4,$12.00 
MAKIINO ZEBYA,PCS,5,$7.00 
MAKIINO RUMAN BL2020,PCS,5,$35.00 
MAKINO QARO,PCS,3,$16.50 
MOUSE ,PCS,2,$3.00 
ENVLOPE A4,PCS,4,$3.50 
SABUURAD CARUUR QALIN ,PCS,11,$3.00 
HDMI 1.5,PCS,8,$1.50 
NAL BASUKI 40W,PCS,25,$2.50 
NAL BASUKI 50W,PCS,51,$3.50 
NAL 40W CADI,PCS,35,$2.20 
NAL 38W CADI,PCS,23,$2.20 
NAL BASUKI 45W,PCS,35,$3.00 
NA BASUKI 35W,PCS,22,$2.50 
NAL BASUKI 20W,PCS,143,$1.20 
NAL BASUKI 15W/10W,PCS,167,$0.80 
NAL 30W CADI,PCS,22,$1.80 
NAL 20W CADI,PCS,50,$0.70 
NAL BASUKI 30W,PCS,27,$2.20 
DARIDAMI/BARES GL,BOX,108,$12.00 
QOLOF SWICH SINGLE,BOX,59,$0.50 
QOLOF SWICH TRIBLE,PCS,12,$0.50 
QOLOF SWICH DOUBLE,BOX,28,$0.30 
BARES YARYAR,PCS,513,$0.20 
BARES DUOBBLE,PCS,66,$1.70 
SKATEL TRANT,PCS,7,$1.70 
SKATEL 15,PCS,21,$1.00 
NAL COLOR 5W,PCS,111,$0.60 
FURO MAGRIN 100A,PCS,1,$18.00 
NAL DERBI,PCS,7,$9.00 
BARES DISH,BOX,6,$10.00 
BARES/DARIDAMI UK,PCS,66,$1.00 
SACAD KORONTO TRIVESO,PCS,1,$65.00 
BANNEL 12,PCS,10,$7.00 
KURBO WEEN,PCS,875,$0.25 
KURBO YAR,PCS,317,$0.25 
SKATEL DOUBLE,PCS,323,$0.30 
DOBI BERS MARSHEL,PCS,3,$1.80 
COOKER KORONTO 1 JIKO,PCS,18,$4.50 
SPIN UK,PCS,49,$0.50 
BORDO YAR,PCS,302,$0.20 
MARWAXAD WAXAD FADHI KORONTO,PCS,1,$11.00 
FORWAY WEEN,PCS,775,$0.30 
FURO MAGRIN 125A,PCS,5,$22.00 
BANNEL 24,PCS,3,$18.00 
FURO MAGRINR 250A,PCS,6,$27.00 
CHANGE OFF 100A,PCS,5,$18.00 
LAMBO SHIB 18W WEEN,PCS,9,$5.00 
LAMBO SHIB 20 WEEN,PCS,22,$5.00 
SWICH 16A 2P,PCS,51,$4.00 
SWICH 6A 1P,PCS,25,$1.50 
SHAROTO KORONTO,PCS,295,$0.30 
SWICH 25A 2P,PCS,3,$4.00 
SWICH 40A 2P,PCS,2,$4.00 
SWICH 100A 2P,PCS,2,$5.00 
SWICH 32A 1P,PCS,38,$2.00 
SWICH 32A 3P,PCS,1,$7.00 
SWICH 25A 1P,PCS,1,$2.00 
SACAD KORONTO,PCS,13,$16.50 
SKATEL SINGLE,PCS,291,$0.20 
LAMBOSHIB 12W,PCS,72,$4.00 
LAMBO SHIB 6+3W,PCS,41,$4.00 
SWICH 10A 1P,PCS,11,$1.50 
SWICH 40A 1P,PCS,5,$2.00 
DOBI BARES 10 YARD,PCS,25,$3.50 
ABLOK,PCS,10,$11.00 
NAL BORDO AMISRTON 5OW,PCS,36,$3.50 
LAMBO SHIB 3+3,PCS,47,$3.00 
NAL AMISTRON 20W,PCS,13,$4.00 
FURO MAGRIN 63A,PCS,5,$15.00 
CHANGE OFF 63A,PCS,5,$15.00 
NAL CADI 9W,PCS,156,$0.50 
NAL AMISTRON 20+6W,PCS,3,$5.00 
SPIN CONNECROT,PCS,106,$0.50 
BORDO FASHION,PCS,151,$0.50 
CHANGE OFF 32A,PCS,3,$12.00 
NAL BODRO AMISTRON 30W,PCS,52,$2.50 
LAMBO SHIB 18W YAR-YAR,PCS,35,$3.00 
NAL AMISTRON 18+6W,PCS,11,$5.00 
NAL AMISTRON 50W,PCS,1,$10.00 
LAMBO SHIB 25W,PCS,1,$6.00 
NAL AMSTRON 3+3,PCS,3,$3.00 
NAL AMISTRON 6+3W,PCS,23,$4.00 
LAMBO SHIB 20+6W,PCS,2,$5.00 
LAMBO WAREEG 22 ,PCS,3,$9.00 
FURO HAIGER 16A,PCS,13,$1.50 
BANNEL 6,PCS,5,$5.00 
FILO SACUUDI YLN 2.5,PCS,10,$29.00 
FILO SACUUDI YLN 1.5,PCS,8,$20.00 
FILO TURKIYE 6,PCS,6,$56.00 
FILO 16,PCS,20,$14.00 
FILO 4 ULAN,PCS,1,$11.50 
FILO 6 ULAN,PCS,3,$16.50 
FILO SACUUDI  1.5,PCS,7,$19.00 
FILO SACUUDI  2.5,PCS,5,$22.00 
ETHERNET SOCKET,PCS,9,$1.00 
FURO HAIGER 25A,PCS,6,$4.00 
SWICH 63A 2P,PCS,2,$5.00 
SWICH HAIGER 25A 2P,PCS,10,$4.00 
SWICH HAIGER 16A,PCS,14,$1.50 
BARES INKASER,PCS,4,$1.00 
LAMBO AMISTRON 15W,PCS,1,$3.00 
ISBOOLER 200W,PCS,7,$35.00 
COOKER KORONTO 2 JIKO,PCS,9,$6.00 
AMPIRFIER OMAX 600,PCS,4,$75.00 
SAMEECAD MASJID WEEN,PCS,4,$47.00 
BURAASHO BIR,PCS,60,$3.50 
NAL TIKTOK WEEN ,PCS,19,$15.00 
NAL TIKTOK YER,PCS,4,$8.00 
BURASHA CAAG,PCS,26,$3.00 
NALL BARANDO WEEN,PCS,1,$10.00 
TARMUUS SHAAHI MARADO YER,PCS,16,$4.50 
TARMUUS SHAAHI RAF YER,PCS,15,$4.00 
RAF HAND BLANDER ,PCS,12,$12.00 
KAFEY QAS,PCS,6,$3.50 
ARFISO HAMNIFIER,PCS,5,$7.00 
KAFEY SHIID,PCS,4,$7.00 
FUN MULTIFICATION,PCS,1,$5.00 
MARWAXAD WEJI,PCS,1,$3.50 
DOORSHO QAS,PCS,14,$5.00 
FEERO YAR,PCS,1,$5.00 
ELECTRIC SHOCK,PCS,2,$3.00 
FONEYO MAQAS,PCS,4,$3.50 
MAKIINO SANBUS,PCS,4,$26.00 
TARMUUSH MARADO DHEXE,PCS,6,$4.00 
TARMUUS RAF DHEXE,PCS,12,$4.00 
MARWAXAD BIYO ,PCS,4,$6.00 
MAKINO DONUT,PCS,10,$17.00 
MAKINO SOMSTAR,PCS,1,$13.00 
SOLAR WALL LAMP,PCS,1,$4.00 
MAKINO HILIB 3L,PCS,20,$6.00 
MAKINO HILIB 3.5L,PCS,3,$6.00 
MAKINO HILIB 2L,PCS,4,$6.00 
MACHINE TIRTIRE ROBOT,PCS,4,$8.00 
FACE MASSAGE,PCS,5,$5.00 
HEATER SHAHI,PCS,4,$3.00 
BURAASH GACAN,PCS,4,$2.00 
MINI SHARVER,PCS,5,$3.00 
FAANUS SOLAR,PCS,5,$4.00 
FEEROBIYO HOFFMANS,PCS,3,$8.00 
MAKIINO BUSKUD ,PCS,25,$16.00 
MAKINO BLANDER RAF,PCS,2,$12.00 
SAMEECAD+MAKARFAN YER,PCS,3,$7.00 
CUPP COFEE,PCS,4,$3.00 
KILING LAMB,PCS,1,$3.00 
MAKINO KABSAR YER,PCS,1,$3.00 
TARMUSH RAF DHALO,PCS,4,$5.50 
BLANDER HOFFMANS YER,PCS,18,$13.00 
UPS WEEN 1500,PCS,1,$65.00 
UPS YER 725,PCS,3,$26.00 
NAL SOLAR USB,PCS,3,$3.00 
BLANDER HOFFMANS  WEEN,PCS,1,$24.00 
MAKIINO RAF WAFFLE MAKKER,PCS,4,$17.00 
MAKINO RUMAN YER   2024,PCS,1,$25.00 
ELECTRIC PRESURE DIGSI,PCS,1,$33.00 
FONEYO MOBILEHEAT,PCS,2,$3.00 
MARWAXAD CHARGER WAREG,PCS,18,$5.00 
FREAZER HOLDER,PCS,8,$11.00 
MARWAXAD FREAZER,PCS,7,$4.50 
BIR CANJERI RAF,PCS,2,$8.00 
MARWAXAD KOR SUPER GENERAL,PCS,2,$31.00 
CILVER CREST AIRFRYER,PCS,1,$30.00 
MARWAXAD SOLOR AND CHARGER,PCS,3,$22.00 
FORWAY YAR,PCS,8,$0.03 
LARGO,PCS,83,$0.20 
NANOSTATION,PCS,2,$80.00 
MAKINO CILVER CREST,PCS,1,$20.00 
MAKIINO HILIB WEN,PCS,2,$1.00 
EPSON PRINTER L8050,PCS,2,$315.00 
NUT MAKER,PCS,2,$8.00 
SANDWICH MAKER,PCS,2,$12.00 
SMURTER INDUSTER COOKER,PCS,2,$13.00 
SOKANY PANCAKE,PCS,1,$17.00 
HOFFMANS INFARARED COOKER,PCS,1,$18.00 
MARWAXAD CHARGER ,PCS,1,$5.00 
FONEEYO WAWEEN,PCS,4,$11.00 
MIIS LAPTOP,PCS,3,$8.00 
MICROFONE  CONFRENCE HALL,PCS,1,$25.00 
FONEYO GEEMI,PCS,6,$3.50 
FONEEYO RAF,PCS,4,$0.35 
MAKIINO DC,PCS,4,$11.00 
SOLAR FAN,PCS,1,$18.00 
INFRARED COOCKER RAF WEN,PCS,2,$38.00 
SAMEECAD HUFAR,PCS,5,$37.00 
NAL COLOR YARIIS,PCS,18,$0.70 
NOTE BOOK,DOZEN,11,$3.40 
FILE  BOX,PCS,79,$1.20 
GARAFETO YAR,BOX,2,$0.20 
MOBEL STAND,PCS,6,$6.00 
TRIBIYERI MOBEL,PCS,4,$7.00 
SOLAR 20W,PCS,5,$12.00 
CHARGER HP W/Y,PCS,41,$5.00 
CHARGER HP TYPE-C,PCS,22,$8.50 
MARWAXAD BIR,PCS,12,$4.50 
FRAME SAWIR WEEN,PCS,7,$18.00 
QALIN RASAAS,BOX,3,$3.00 
FRAME SAWIR A4,PCS,4,$6.00 
CONECTOR CHARGER LAPTOP,PCS,59,$1.50 
MOUSE QUALITY,PCS,5,$15.00 
ISET ANTI VIRUS,PCS,4,$18.00 
BANNEL 8,PCS,1,$6.00 
NOVA WAFFLE MAKKER ,PCS,18,$28.00 
LAMBO DHEER ,PCS,162,$2.40 
TUBO MADOW ,PCS,223,$0.80 
FILO SOLAR,PCS,2,$3.50 
VEGETABLE SCLICER,PCS,2,$5.00 
LAMBO DERJIN,PCS,13,$9.00 
MOUSE WIRLESS HP,PCS,16,$2.70 
MOUSE WIRLESS WEIBO ,PCS,9,$2.70 
FILO WEEN,PCS,2,$250.00 
AIRPHONE RUMAN,PCS,52,$0.60 
AIRPHONE BAASTO,PCS,3,$1.20 
AIRPHONE IPHONE,PCS,6,$1.50 
TP-LINK USB,PCS,2,$7.00 
PROTABLE BATTARY 5000W,PCS,6,$3.00 
BORSO BLUETOTH,PCS,6,$1.00 
MOMERY CAMERA 32GB,PCS,5,$7.00 
MOMERY CAMERA 128GB,PCS,8,$13.00 
MOMERY CAMERA 64GB,PCS,15,$9.00 
MOMERY CAMERA 16B,PCS,7,$6.00 
BURAASHO CAAG YER,PCS,3,$0.80 
QALIN FAR QURXIN,PCS,527,$0.34 
PEN KHADUL CARABI,PCS,44,$0.50 
QALIN GALAXY,PCS,6,$0.16 
DHALO CADI SAMSUNG,PCS,491,$0.40 
DHALO IPHONE PRIVET,PCS,198,$0.70 
DHALO HD,BOX,1,$1.80 
DHALO S24,PCS,117,$2.00 
DHALO IPHONE CADI,PCS,99,$0.40 
DHLAO SUPER X,PCS,91,$0.50 
DHALO S24 ,BOX,1,$1.70 
POWE BANK 50000W,PCS,3,$21.00 
MOUSE HARIG ,PCS,7,$1.50 
FILO TURKIYE 4,PCS,10,$42.00 
FILO MAAR 3x2,PCS,5,$120.00 
OMAX AMBRFIER 800,PCS,4,$85.00 
SOLAR DERBI 300W,PCS,2,$11.00 
SACAD SKIMI 9232,PCS,1,$12.00 
SKIMI 1779,PCS,3,$12.00 
SKIMI 9285,PCS,1,$11.00 
SKIMI 1994,PCS,1,$9.00 
SKIMI 9312,PCS,4,$11.00 
SKIMI 9252,PCS,1,$11.00 
SACAD 1590M,PCS,5,$7.00 
SKIMI 9606,PCS,1,$10.00 
SKIMI 9259,PCS,1,$12.00 
SKIMI 1989,PCS,2,$9.00 
SKIMI 9167,PCS,3,$11.00 
SKIMI 9281,PCS,1,$8.50 
SKIMI 9249,PCS,1,$10.00 
SKIMI 1863,PCS,1,$10.00 
SKIMI 9313,PCS,1,$11.00 
SKIMI 9192,PCS,2,$11.00 
SKIMI 9250,PCS,1,$10.00 
CASIO DUMAR,PCS,4,$11.00 
SACAD MAFADO,PCS,7,$8.00 
MOBEL A15 R4,PCS,2,$130.00 
MOBEL A16 R4,PCS,1,$118.00 
MOBEL A55 256GB,PCS,1,$305.00 
MOBEL A05 65GB,PCS,1,$69.00 
MOBEL HOT 40,PCS,1,$83.00 
MOBEL TAP,PCS,2,$115.00 
MOBEL HOT 50,PCS,1,$83.00 
MOBEL M105,PCS,6,$7.80 
MOBEL RUMMAN 360,PCS,5,$13.00 
MOBEL B125,PCS,5,$8.00 
MOBEL JOWHARA 3SIM,PCS,9,$10.00 
MOBEL RUMMAN M04,PCS,1,$10.50 
MOBEL JOWHARA 2SIM,PCS,5,$7.80 
MOBEL S33c,PCS,3,$11.00 
MOBEL JOWHARA 4SIM,PCS,1,$13.00 
MOBELB5310,PCS,2,$11.00 
MOBEL B410,PCS,5,$13.50 
MOBEL B330,PCS,2,$11.00 
MOBEL T528,PCS,2,$14.00 
MOBEL T467,PCS,3,$13.00 
MOBEL T315,PCS,2,$9.00 
MOBEL INOL 281,PCS,2,$18.00 
MOBEL B310,PCS,1,$11.00 
MOBEL A70 PRO,PCS,1,$17.00 
MIGA PHONE,PCS,1,$10.50 
MARAWAXAD SUGUNTO,PCS,14,$12.00 
CLEANER COMPUTER,PCS,5,$3.50 
MACHIN QUDAR GACAN,PCS,5,$3.50 
MARWAXAD CHARGER,PCS,2,$4.00 
KHAD LASER JET 30A,PCS,11,$9.00 
KHAD LASER JET 226A,PCS,14,$11.00 
KHAD LASER JET 05A,PCS,2,$9.00 
KHAD LASER JET 85A,PCS,12,$6.00 
KHAD LASER JET 279A,PCS,8,$6.00 
KHAD LASER JET  400A,PCS,16,$11.00 
KHAD LASER JET 17A,PCS,4,$6.00 
KHAD LASER JET 106A,PCS,4,$12.00 
KHAD LASER JET 207A,PCS,19,$22.00 
KHAD LASER JET 203A,PCS,15,$12.00 
KHAD LASET JET 380A,PCS,32,$11.00 
KHAD LASER JET 83A,PCS,1,$6.00 
KHAD LASER JET 201A,PCS,1,$11.00 
KHAD LASER JET 540A,PCS,5,$12.00 
KHAD LASER JET 415,PCS,6,$30.00 
LAMBO ROSE,PCS,2,$4.00 
PROJECTOR EPSON,PCS,3,$310.00 
BARES GL,PCS,2,$1.20 
MAKIINO SONITIC,PCS,11,$17.00 
RADIO ,PCS,2,$6.00 
SPEAKER YER 2612,PCS,1,$11.00 
SPEAKER DHEXE,PCS,1,$26.00 
MAKIINO ZAIBA,PCS,13,$7.50 
DALAD DHEXE,PCS,6,$3.00 
DALAD  YAR,PCS,4,$4.00 
DESKTOP ALL IN ONE CORE i7,PCS,1,$740.00 
WHITHE BOARD 90x60,PCS,3,$8.00 
GAS STOVE,PCS,1,$35.00 
ROMUTE MOGA / BAY TV,PCS,31,$0.80 
CHARGER DHALO,PCS,3,$7.00 
MAKINO QALIN,BOX,2,$2.00 
FORNO BIG,PCS,1,$63.00 
MAKINO AMALEY,PCS,8,$23.00 
MARWAXAD CHARGER  F1 FAN,PCS,16,$17.00 
KATTLE ELECTRIC COFEE,PCS,5,$14.50 
SOLAR 400W,PCS,3,$125.00 
SOLAR 165W,PCS,4,$45.00 
WHITHE BOARD 90x120,PCS,2,$19.00 
SOLAR 300W,PCS,1,$95.00 
BLUETOTH AIRBODS 24,PCS,18,$9.00 
AIRBODS 21MINI,PCS,17,$9.00 
AIRBODS 4,PCS,6,$12.00 
DESCK TOP COREi5 RAM 16,PCS,1,$640.00 
